-- phpMyAdmin SQL Dump
-- version 5.2.1
-- https://www.phpmyadmin.net/
--
-- Host: 127.0.0.1
-- Generation Time: Jun 29, 2026 at 11:54 AM
-- Server version: 10.4.32-MariaDB
-- PHP Version: 8.2.12

SET SQL_MODE = "NO_AUTO_VALUE_ON_ZERO";
START TRANSACTION;
SET time_zone = "+00:00";


/*!40101 SET @OLD_CHARACTER_SET_CLIENT=@@CHARACTER_SET_CLIENT */;
/*!40101 SET @OLD_CHARACTER_SET_RESULTS=@@CHARACTER_SET_RESULTS */;
/*!40101 SET @OLD_COLLATION_CONNECTION=@@COLLATION_CONNECTION */;
/*!40101 SET NAMES utf8mb4 */;

--
-- Database: `pdam_app`
--

-- --------------------------------------------------------

--
-- Table structure for table `kas_konsumen`
--

CREATE TABLE `kas_konsumen` (
  `id` int(11) NOT NULL,
  `tanggal` date NOT NULL,
  `jenis` enum('masuk','keluar') NOT NULL,
  `kategori` varchar(100) NOT NULL,
  `deskripsi` text DEFAULT NULL,
  `jumlah` decimal(15,2) NOT NULL,
  `created_by` int(11) DEFAULT NULL,
  `created_at` timestamp NOT NULL DEFAULT current_timestamp()
) ENGINE=InnoDB DEFAULT CHARSET=utf8mb4 COLLATE=utf8mb4_general_ci;

--
-- Dumping data for table `kas_konsumen`
--

INSERT INTO `kas_konsumen` (`id`, `tanggal`, `jenis`, `kategori`, `deskripsi`, `jumlah`, `created_by`, `created_at`) VALUES
(2, '2026-05-12', 'masuk', 'kdmc', 'kjkjnc', 1500000.00, 4, '2026-05-12 06:04:29');

-- --------------------------------------------------------

--
-- Table structure for table `kas_utama`
--

CREATE TABLE `kas_utama` (
  `id` int(11) NOT NULL,
  `tanggal` date NOT NULL,
  `jenis` enum('masuk','keluar') NOT NULL,
  `kategori` varchar(100) NOT NULL,
  `deskripsi` text DEFAULT NULL,
  `jumlah` decimal(15,2) NOT NULL,
  `created_by` int(11) DEFAULT NULL,
  `created_at` timestamp NOT NULL DEFAULT current_timestamp()
) ENGINE=InnoDB DEFAULT CHARSET=utf8mb4 COLLATE=utf8mb4_general_ci;

--
-- Dumping data for table `kas_utama`
--

INSERT INTO `kas_utama` (`id`, `tanggal`, `jenis`, `kategori`, `deskripsi`, `jumlah`, `created_by`, `created_at`) VALUES
(1, '2026-01-01', 'masuk', 'Modal Awal Tahun', 'Saldo awal kas tahun 2026', 15000000.00, 4, '2026-05-09 20:12:43'),
(2, '2026-01-01', 'keluar', 'pengeluaran Awal Tahun', 'Saldo awal kas tahun 2026', 1000000.00, 4, '2026-05-09 20:16:12'),
(3, '2026-05-11', 'masuk', 'asdfsdfs', 'sfafaasdasd', 1200000.00, 4, '2026-05-09 20:37:45'),
(4, '2026-05-10', 'keluar', 'asaasfa', 'kahf', 100000.00, 4, '2026-05-09 20:53:50'),
(5, '2026-05-10', 'masuk', 'dadsa', 'asdads', 1000000.00, 4, '2026-05-10 01:26:29'),
(6, '2026-05-10', 'keluar', 'asdasdas', 'asdasd', 1000000.00, 4, '2026-05-10 01:26:51');

-- --------------------------------------------------------

--
-- Table structure for table `pelanggan`
--

CREATE TABLE `pelanggan` (
  `id` int(11) NOT NULL,
  `kode_pelanggan` varchar(50) NOT NULL,
  `nama` varchar(100) NOT NULL,
  `alamat` text NOT NULL,
  `no_hp` varchar(20) DEFAULT NULL,
  `nomor_meter` varchar(50) DEFAULT NULL,
  `status` enum('aktif','nonaktif') DEFAULT 'aktif',
  `note` text DEFAULT NULL,
  `created_at` timestamp NOT NULL DEFAULT current_timestamp()
) ENGINE=InnoDB DEFAULT CHARSET=utf8mb4 COLLATE=utf8mb4_general_ci;

--
-- Dumping data for table `pelanggan`
--

INSERT INTO `pelanggan` (`id`, `kode_pelanggan`, `nama`, `alamat`, `no_hp`, `nomor_meter`, `status`, `note`, `created_at`) VALUES
(10, '17001', 'Pardi', '01/07', '-', 'MTR0001', 'aktif', '', '2026-02-23 11:27:48'),
(11, '17002', 'Narmi', '01/07', '-', 'MTR0002', 'aktif', '', '2026-02-23 11:27:48'),
(12, '17003', 'Jaidin', '01/07', '-', 'MTR0003', 'aktif', '', '2026-02-23 11:27:48'),
(13, '17004', 'Ali', '01/07', '-', 'MTR0004', 'aktif', '', '2026-02-23 11:27:48'),
(14, '17005', 'Warsini', '01/07', '-', 'MTR0005', 'aktif', '', '2026-02-23 11:27:48'),
(15, '17006', 'Sugimin', '01/07', '-', 'MTR0006', 'aktif', '', '2026-02-23 11:27:48'),
(16, '17007', 'Tukino', '01/07', '-', 'MTR0007', 'aktif', '', '2026-02-23 11:27:48'),
(17, '17008', 'Sandi', '01/07', '-', 'MTR0008', 'aktif', '', '2026-02-23 11:27:48'),
(18, '27001', 'Sutarto', '02/07', '-', 'MTR0009', 'aktif', '', '2026-02-23 11:27:48'),
(19, '27002', 'Paiman', '02/07', '-', 'MTR0010', 'aktif', '', '2026-02-23 11:27:48'),
(20, '27003', 'Slamet R', '02/07', '-', 'MTR0011', 'aktif', '', '2026-02-23 11:27:48'),
(21, '27004', 'Wakidi', '02/07', '-', 'MTR0012', 'aktif', '', '2026-02-23 11:27:48'),
(22, '27005', 'Mulyono', '02/07', '-', 'MTR0013', 'aktif', '', '2026-02-23 11:27:48'),
(23, '27006', 'Sadirin', '02/07', '-', 'MTR0014', 'aktif', '', '2026-02-23 11:27:48'),
(24, '27007', 'Sugiyarto', '02/07', '-', 'MTR0015', 'aktif', '', '2026-02-23 11:27:48'),
(25, '27008', 'Joko Yitno', '02/07', '-', 'MTR0016', 'aktif', '', '2026-02-23 11:27:48'),
(26, '27009', 'Mulyanto', '02/07', '-', 'MTR0017', 'aktif', '', '2026-02-23 11:27:48'),
(27, '27010', 'Samino', '02/07', '-', 'MTR0018', 'aktif', '', '2026-02-23 11:27:48'),
(28, '27011', 'Sarwoko', '02/07', '-', 'MTR0019', 'aktif', '', '2026-02-23 11:27:48'),
(29, '27012', 'Rumjiji', '02/07', '-', 'MTR0020', 'aktif', '', '2026-02-23 11:27:48'),
(30, '27013', 'Slamet Madi', '02/07', '-', 'MTR0021', 'aktif', '', '2026-02-23 11:27:48'),
(31, '27014', 'Jarwo', '02/07', '-', 'MTR0022', 'aktif', '', '2026-02-23 11:27:48'),
(32, '27015', 'Ngatiman', '02/07', '-', 'MTR0023', 'aktif', '', '2026-02-23 11:27:48'),
(33, '27016', 'Riyan', '02/07', '-', 'MTR0024', 'aktif', '', '2026-02-23 11:27:48'),
(34, '27017', 'Ngadenan', '02/07', '-', 'MTR0025', 'aktif', '', '2026-02-23 11:27:48'),
(35, '27018', 'Aris Wibowo', '02/07', '-', 'MTR0026', 'aktif', '', '2026-02-23 11:27:48'),
(36, '27022', 'Partiyatun', '02/07', '-', 'MTR0027', 'aktif', '', '2026-02-23 11:27:48'),
(37, '27023', 'Mulyono(sawah)', '02/07', '-', 'MTR0028', 'aktif', '', '2026-02-23 11:27:48'),
(38, '27024', 'Idris', '02/07', '-', 'MTR0029', 'aktif', '', '2026-02-23 11:27:48'),
(39, '27025', 'Mulyono(wagi)', '02/07', '-', 'MTR0030', 'aktif', '', '2026-02-23 11:27:48'),
(40, '36001', 'Ventin', '03/06', '-', 'MTR0031', 'aktif', '', '2026-02-23 11:27:48'),
(41, '36002', 'Widodo', '03/06', '-', 'MTR0032', 'aktif', '', '2026-02-23 11:27:48'),
(42, '36004', 'Tugiman', '03/06', '-', 'MTR0033', 'aktif', '', '2026-02-23 11:27:48'),
(43, '36005', 'Lasimin', '03/06', '-', 'MTR0034', 'aktif', '', '2026-02-23 11:27:48'),
(44, '36006', 'Prayit', '03/06', '-', 'MTR0035', 'aktif', '', '2026-02-23 11:27:48'),
(45, '36007', 'Paiman/bowo', '03/06', '-', 'MTR0036', 'aktif', '', '2026-02-23 11:27:48'),
(46, '36008', 'Samiyem', '03/06', '-', 'MTR0037', 'aktif', '', '2026-02-23 11:27:48'),
(47, '36009', 'Narti', '03/06', '-', 'MTR0038', 'aktif', '', '2026-02-23 11:27:48'),
(48, '36010', 'Ngatimin', '03/06', '-', 'MTR0039', 'aktif', '', '2026-02-23 11:27:48'),
(49, '37001', 'Suyatno', '03/07', '-', 'MTR0040', 'aktif', '', '2026-02-23 11:27:48'),
(50, '37002', 'Anto 1', '03/07', '-', 'MTR0041', 'aktif', '', '2026-02-23 11:27:48'),
(51, '37003', 'Anto 2', '03/07', '-', 'MTR0042', 'aktif', '', '2026-02-23 11:27:48'),
(52, '37004', 'Widodo', '03/07', '-', 'MTR0043', 'aktif', '', '2026-02-23 11:27:48'),
(53, '37005', 'Win(ib)', '03/07', '-', 'MTR0044', 'aktif', '', '2026-02-23 11:27:48'),
(54, '37006', 'Fajar', '03/07', '-', 'MTR0045', 'aktif', '', '2026-02-23 11:27:48'),
(55, '37007', 'Idris', '03/07', '-', 'MTR0046', 'aktif', '', '2026-02-23 11:27:48'),
(56, '37008', 'Kirun', '03/07', '-', 'MTR0047', 'aktif', '', '2026-02-23 11:27:48'),
(57, '37009', 'Marsam', '03/07', '-', 'MTR0048', 'aktif', '', '2026-02-23 11:27:48'),
(58, '37010', 'Pono gondes', '03/07', '-', 'MTR0049', 'aktif', '', '2026-02-23 11:27:48'),
(59, '37011', 'Abdul', '03/07', '-', 'MTR0050', 'aktif', '', '2026-02-23 11:28:01'),
(60, '37012', 'Tina', '03/07', '-', 'MTR0051', 'aktif', '', '2026-02-23 11:28:01'),
(61, '37013', 'Parimin', '03/07', '-', 'MTR0052', 'aktif', '', '2026-02-23 11:28:01'),
(62, '37014', 'Romo', '03/07', '-', 'MTR0053', 'aktif', '', '2026-02-23 11:28:01'),
(63, '37015', 'Yunanika', '03/07', '-', 'MTR0054', 'aktif', '', '2026-02-23 11:28:01'),
(64, '37016', 'Semi', '03/07', '-', 'MTR0055', 'aktif', '', '2026-02-23 11:28:01'),
(65, '37017', 'Suratmin', '03/07', '-', 'MTR0056', 'aktif', '', '2026-02-23 11:28:01'),
(66, '37018', 'Sugiyo', '03/07', '-', 'MTR0057', 'aktif', '', '2026-02-23 11:28:01'),
(67, '37019', 'Sutino', '03/07', '-', 'MTR0058', 'aktif', '', '2026-02-23 11:28:01'),
(68, '37020', 'Satiyo', '03/07', '-', 'MTR0059', 'aktif', '', '2026-02-23 11:28:01'),
(69, '37021', 'Sukidi', '03/07', '-', 'MTR0060', 'aktif', '', '2026-02-23 11:28:01'),
(70, '37022', 'Darmoko', '03/07', '-', 'MTR0061', 'aktif', '', '2026-02-23 11:28:01'),
(71, '37023', 'Santoso', '03/07', '-', 'MTR0062', 'aktif', '', '2026-02-23 11:28:01'),
(72, '37024', 'Prapto(ireng)', '03/07', '-', 'MTR0063', 'aktif', '', '2026-02-23 11:28:01'),
(73, '37025', 'Triyanto', '03/07', '-', 'MTR0064', 'aktif', '', '2026-02-23 11:28:01'),
(74, '37026', 'Yem(pupon)', '03/07', '-', 'MTR0065', 'aktif', '', '2026-02-23 11:28:01'),
(75, '37027', 'Prayitno', '03/07', '-', 'MTR0066', 'aktif', '', '2026-02-23 11:28:01'),
(76, '37028', 'Yusuf', '03/07', '-', 'MTR0067', 'aktif', '', '2026-02-23 11:28:01'),
(77, '37029', 'Sardi', '03/07', '-', 'MTR0068', 'aktif', '', '2026-02-23 11:28:01'),
(78, '37030', 'Surono', '03/07', '-', 'MTR0069', 'aktif', '', '2026-02-23 11:28:01'),
(79, '37031', 'Hartanto', '03/07', '-', 'MTR0070', 'aktif', '', '2026-02-23 11:28:01'),
(80, '37032', 'Ngatini', '03/07', '-', 'MTR0071', 'aktif', '', '2026-02-23 11:28:01'),
(81, '37033', 'Sihmadi', '03/07', '-', 'MTR0072', 'aktif', '', '2026-02-23 11:28:01'),
(82, '37034', 'Walidi', '03/07', '-', 'MTR0073', 'aktif', '', '2026-02-23 11:28:01'),
(83, '37035', 'Fatkhul', '03/07', '-', 'MTR0074', 'aktif', '', '2026-02-23 11:28:01'),
(84, '37036', 'Kasiyo', '03/07', '-', 'MTR0075', 'aktif', '', '2026-02-23 11:28:01'),
(85, '37037', 'Darso', '03/07', '-', 'MTR0076', 'aktif', '', '2026-02-23 11:28:01'),
(86, '37038', 'Kalimin', '03/07', '-', 'MTR0077', 'aktif', '', '2026-02-23 11:28:01'),
(87, '37039', 'Sardani', '03/07', '-', 'MTR0078', 'aktif', '', '2026-02-23 11:28:01'),
(88, '37040', 'Siswoto', '03/07', '-', 'MTR0079', 'aktif', '', '2026-02-23 11:28:01'),
(89, '37041', 'Sugimin/Rini', '03/07', '-', 'MTR0080', 'aktif', '', '2026-02-23 11:28:01'),
(90, '37042', 'Upik', '03/07', '-', 'MTR0081', 'aktif', '', '2026-02-23 11:28:01'),
(91, '37043', 'Sahono', '03/07', '-', 'MTR0082', 'aktif', '', '2026-02-23 11:28:01'),
(92, '37044', 'Unung', '03/07', '-', 'MTR0083', 'aktif', '', '2026-02-23 11:28:01'),
(93, '37045', 'Alim', '03/07', '-', 'MTR0084', 'aktif', '', '2026-02-23 11:28:01'),
(94, '37046', 'Bagus H', '03/07', '-', 'MTR0085', 'aktif', '', '2026-02-23 11:28:01'),
(95, '37047', 'Triwiyanto', '03/07', '-', 'MTR0086', 'aktif', '', '2026-02-23 11:28:01'),
(96, '37048', 'Daryono', '03/07', '-', 'MTR0087', 'aktif', '', '2026-02-23 11:28:01'),
(97, '37049', 'Roni', '03/07', '-', 'MTR0088', 'aktif', '', '2026-02-23 11:28:01'),
(98, '37050', 'Yohanes', '03/07', '-', 'MTR0089', 'aktif', '', '2026-02-23 11:28:01'),
(99, '37051', 'Nita', '03/07', '-', 'MTR0090', 'aktif', '', '2026-02-23 11:28:01'),
(100, '37052', 'Radiman (kost)', '03/07', '-', 'MTR0091', 'aktif', '', '2026-02-23 11:28:01'),
(101, '37053', 'Romo 2', '03/07', '-', 'MTR0092', 'aktif', '', '2026-02-23 11:28:01'),
(102, '46002', 'Rama', '04/06', '-', 'MTR0093', 'aktif', '', '2026-02-23 11:28:01'),
(103, '46003', 'Andri', '04/06', '-', 'MTR0094', 'aktif', '', '2026-02-23 11:28:01'),
(104, '46004', 'Maman', '04/06', '-', 'MTR0095', 'aktif', '', '2026-02-23 11:28:01'),
(105, '46005', 'Sudiman', '04/06', '-', 'MTR0096', 'aktif', '', '2026-02-23 11:28:01'),
(106, '46006', 'Agung(jenggo)', '04/06', '-', 'MTR0097', 'aktif', '', '2026-02-23 11:28:01'),
(107, '46007', 'Sri Samino', '04/06', '-', 'MTR0098', 'aktif', '', '2026-02-23 11:28:01'),
(108, '46008', 'Bambang', '04/06', '-', 'MTR0099', 'aktif', '', '2026-02-23 11:28:01'),
(109, '46009', 'Suraji', '04/06', '-', 'MTR0100', 'aktif', '', '2026-02-23 11:28:35'),
(110, '46010', 'Andra', '04/06', '-', 'MTR0101', 'aktif', '', '2026-02-23 11:28:35'),
(111, '46011', 'Agung', '04/06', '-', 'MTR0102', 'aktif', '', '2026-02-23 11:28:35'),
(112, '46012', 'Surono(raji)', '04/06', '-', 'MTR0103', 'aktif', '', '2026-02-23 11:28:35'),
(113, '46013', 'Sumarsih(arif)', '04/06', '-', 'MTR0104', 'aktif', '', '2026-02-23 11:28:35'),
(114, '46014', 'Panut', '04/06', '-', 'MTR0105', 'aktif', '', '2026-02-23 11:28:35'),
(115, '46015', 'Adi', '04/06', '-', 'MTR0106', 'aktif', '', '2026-02-23 11:28:35'),
(116, '46016', 'Rahma', '04/06', '-', 'MTR0107', 'aktif', '', '2026-02-23 11:28:35'),
(117, '46017', 'Pono', '04/06', '-', 'MTR0108', 'aktif', '', '2026-02-23 11:28:35'),
(118, '46018', 'Sujiman', '04/06', '-', 'MTR0109', 'aktif', '', '2026-02-23 11:28:35'),
(119, '46019', 'Tri Sukini', '04/06', '-', 'MTR0110', 'aktif', '', '2026-02-23 11:28:35'),
(120, '46020', 'Wagimin', '04/06', '-', 'MTR0111', 'aktif', '', '2026-02-23 11:28:35'),
(121, '46021', 'Teguh(ib)', '04/06', '-', 'MTR0112', 'aktif', '', '2026-02-23 11:28:35'),
(122, '46022', 'Purwiyanto', '04/06', '-', 'MTR0113', 'aktif', '', '2026-02-23 11:28:35'),
(123, '46023', 'Ilyas', '04/06', '-', 'MTR0114', 'aktif', '', '2026-02-23 11:28:35'),
(124, '46024', 'Kartika(sunu)', '04/06', '-', 'MTR0115', 'aktif', '', '2026-02-23 11:28:35'),
(125, '46025', 'Ihwan', '04/06', '-', 'MTR0116', 'aktif', '', '2026-02-23 11:28:35'),
(126, '46026', 'Supri(harno)', '04/06', '-', 'MTR0117', 'aktif', '', '2026-02-23 11:28:35'),
(127, '46027', 'Bambang(Harno)', '04/06', '-', 'MTR0118', 'aktif', '', '2026-02-23 11:28:35'),
(128, '46028', 'Wandi', '04/06', '-', 'MTR0119', 'aktif', '', '2026-02-23 11:28:35'),
(129, '46029', 'Dalino', '04/06', '-', 'MTR0120', 'aktif', '', '2026-02-23 11:28:35'),
(130, '46030', 'Harti', '04/06', '-', 'MTR0121', 'aktif', '', '2026-02-23 11:28:35'),
(131, '46031', 'Kasiman', '04/06', '-', 'MTR0122', 'aktif', '', '2026-02-23 11:28:35'),
(132, '46032', 'Paijan', '04/06', '-', 'MTR0123', 'aktif', '', '2026-02-23 11:28:35'),
(133, '46033', 'Is(ib)', '04/06', '-', 'MTR0124', 'aktif', '', '2026-02-23 11:28:35'),
(134, '46034', 'Parmin', '04/06', '-', 'MTR0125', 'aktif', '', '2026-02-23 11:28:35'),
(135, '46035', 'Eko', '04/06', '-', 'MTR0126', 'aktif', '', '2026-02-23 11:28:35'),
(136, '46036', 'Yakubus', '04/06', '-', 'MTR0127', 'aktif', '', '2026-02-23 11:28:35'),
(137, '47001', 'Marmi', '04/07', '-', 'MTR0128', 'aktif', '', '2026-02-23 11:28:35'),
(138, '47002', 'Waluyo', '04/07', '-', 'MTR0129', 'aktif', '', '2026-02-23 11:28:35'),
(139, '47003', 'Sutarno', '04/07', '-', 'MTR0130', 'aktif', '', '2026-02-23 11:28:35'),
(140, '47004', 'Sarwono', '04/07', '-', 'MTR0131', 'aktif', '', '2026-02-23 11:28:35'),
(141, '47005', 'Sriyono', '04/07', '-', 'MTR0132', 'aktif', '', '2026-02-23 11:28:35'),
(142, '47006', 'Hari RT', '04/07', '-', 'MTR0133', 'aktif', '', '2026-02-23 11:28:35'),
(143, '47007', 'Supri', '04/07', '-', 'MTR0134', 'aktif', '', '2026-02-23 11:28:35'),
(144, '47008', 'Sutrisno', '04/07', '-', 'MTR0135', 'aktif', '', '2026-02-23 11:28:35'),
(145, '47009', 'Hadi', '04/07', '-', 'MTR0136', 'aktif', '', '2026-02-23 11:28:35'),
(146, '47010', 'Eko Wisnu', '04/07', '-', 'MTR0137', 'aktif', '', '2026-02-23 11:28:35'),
(147, '47011', 'Aziz', '04/07', '-', 'MTR0138', 'aktif', '', '2026-02-23 11:28:35'),
(148, '47012', 'Sahroni', '04/07', '-', 'MTR0139', 'aktif', '', '2026-02-23 11:28:35'),
(149, '47013', 'Apip', '04/07', '-', 'MTR0140', 'aktif', '', '2026-02-23 11:28:35'),
(150, '47014', 'Panut Warung', '04/07', '-', 'MTR0141', 'aktif', '', '2026-02-23 11:28:35'),
(151, '47015', 'Sadirin', '04/07', '-', 'MTR0142', 'aktif', '', '2026-02-23 11:28:35'),
(152, '47016', 'Dwi somo', '04/07', '-', 'MTR0143', 'aktif', '', '2026-02-23 11:28:35'),
(153, '47017', 'Mulyadi', '04/07', '-', 'MTR0144', 'aktif', '', '2026-02-23 11:28:35'),
(154, '47018', 'Sriyono 2', '04/07', '-', 'MTR145', 'aktif', '', '2026-02-23 14:11:08'),
(155, '37054', 'Adi 2', '03/07', '-', 'MTR146', 'aktif', '-', '2026-02-23 14:12:02');

-- --------------------------------------------------------

--
-- Table structure for table `pembayaran`
--

CREATE TABLE `pembayaran` (
  `id` int(11) NOT NULL,
  `tagihan_id` int(11) NOT NULL,
  `tanggal_bayar` date NOT NULL,
  `jumlah_bayar` decimal(12,2) NOT NULL,
  `metode` varchar(50) DEFAULT NULL
) ENGINE=InnoDB DEFAULT CHARSET=utf8mb4 COLLATE=utf8mb4_general_ci;

--
-- Dumping data for table `pembayaran`
--

INSERT INTO `pembayaran` (`id`, `tagihan_id`, `tanggal_bayar`, `jumlah_bayar`, `metode`) VALUES
(12, 348, '2026-03-07', 3000.00, 'Cash'),
(13, 252, '2026-06-13', 18000.00, 'Transfer Bank'),
(14, 106, '2026-06-13', 26600.00, 'Cash'),
(15, 158, '2026-06-13', 66200.00, 'Cash'),
(16, 162, '2026-06-13', 43400.00, 'Cash'),
(17, 153, '2026-06-13', 11000.00, 'Cash'),
(18, 60, '2026-06-13', 31400.00, 'Cash'),
(19, 120, '2026-06-13', 32600.00, 'Cash');

-- --------------------------------------------------------

--
-- Table structure for table `pencatatan_meter`
--

CREATE TABLE `pencatatan_meter` (
  `id` int(11) NOT NULL,
  `pelanggan_id` int(11) NOT NULL,
  `bulan` int(11) NOT NULL,
  `tahun` int(11) NOT NULL,
  `meter_awal` int(11) DEFAULT NULL,
  `meter_akhir` int(11) DEFAULT NULL,
  `pemakaian` int(11) DEFAULT NULL,
  `dicatat_oleh` int(11) DEFAULT NULL,
  `created_at` timestamp NOT NULL DEFAULT current_timestamp(),
  `status` enum('belum_dicatat','sudah_dicatat') DEFAULT 'belum_dicatat'
) ENGINE=InnoDB DEFAULT CHARSET=utf8mb4 COLLATE=utf8mb4_general_ci;

--
-- Dumping data for table `pencatatan_meter`
--

INSERT INTO `pencatatan_meter` (`id`, `pelanggan_id`, `bulan`, `tahun`, `meter_awal`, `meter_akhir`, `pemakaian`, `dicatat_oleh`, `created_at`, `status`) VALUES
(64, 10, 1, 2026, 326, 326, 0, 3, '2026-02-23 11:29:47', 'sudah_dicatat'),
(65, 11, 1, 2026, 2525, 2538, 13, 3, '2026-02-23 11:29:47', 'sudah_dicatat'),
(66, 12, 1, 2026, 250, 282, 32, 3, '2026-02-23 11:29:47', 'sudah_dicatat'),
(67, 13, 1, 2026, 228, 255, 27, 3, '2026-02-23 11:29:47', 'sudah_dicatat'),
(68, 14, 1, 2026, 544, 576, 32, 3, '2026-02-23 11:29:47', 'sudah_dicatat'),
(69, 15, 1, 2026, 4981, 5017, 36, 3, '2026-02-23 11:29:47', 'sudah_dicatat'),
(70, 16, 1, 2026, 210, 238, 28, 3, '2026-02-23 11:29:47', 'sudah_dicatat'),
(71, 17, 1, 2026, 77, 93, 16, 3, '2026-02-23 11:29:47', 'sudah_dicatat'),
(72, 18, 1, 2026, 5722, 5739, 17, 3, '2026-02-23 11:29:47', 'sudah_dicatat'),
(73, 19, 1, 2026, 5026, 5063, 37, 3, '2026-02-23 11:29:47', 'sudah_dicatat'),
(74, 20, 1, 2026, 2614, 2623, 9, 3, '2026-02-23 11:29:47', 'sudah_dicatat'),
(75, 21, 1, 2026, 3251, 3270, 19, 3, '2026-02-23 11:29:47', 'sudah_dicatat'),
(76, 22, 1, 2026, 6546, 6546, 0, 3, '2026-02-23 11:29:47', 'sudah_dicatat'),
(77, 23, 1, 2026, 208, 231, 23, 3, '2026-02-23 11:29:47', 'sudah_dicatat'),
(78, 24, 1, 2026, 124, 165, 41, 3, '2026-02-23 11:29:47', 'sudah_dicatat'),
(79, 25, 1, 2026, 9073, 9102, 29, 3, '2026-02-23 11:29:47', 'sudah_dicatat'),
(80, 26, 1, 2026, 258, 290, 32, 3, '2026-02-23 11:29:47', 'sudah_dicatat'),
(81, 27, 1, 2026, 691, 862, 171, 3, '2026-02-23 11:29:47', 'sudah_dicatat'),
(82, 28, 1, 2026, 996, 1018, 22, 3, '2026-02-23 11:29:47', 'sudah_dicatat'),
(83, 29, 1, 2026, 1204, 1206, 2, 3, '2026-02-23 11:29:47', 'sudah_dicatat'),
(84, 30, 1, 2026, 1671, 1721, 50, 3, '2026-02-23 11:29:47', 'sudah_dicatat'),
(85, 31, 1, 2026, 198, 206, 8, 3, '2026-02-23 11:29:47', 'sudah_dicatat'),
(86, 32, 1, 2026, 554, 554, 0, 3, '2026-02-23 11:29:47', 'sudah_dicatat'),
(87, 33, 1, 2026, 15340, 15340, 0, 3, '2026-02-23 11:29:47', 'sudah_dicatat'),
(88, 34, 1, 2026, 9085, 9105, 20, 3, '2026-02-23 11:29:47', 'sudah_dicatat'),
(89, 35, 1, 2026, 219, 241, 22, 3, '2026-02-23 11:29:47', 'sudah_dicatat'),
(90, 36, 1, 2026, 225, 252, 27, 3, '2026-02-23 11:29:47', 'sudah_dicatat'),
(91, 37, 1, 2026, 100, 112, 12, 3, '2026-02-23 11:29:47', 'sudah_dicatat'),
(92, 38, 1, 2026, 31, 32, 1, 3, '2026-02-23 11:29:47', 'sudah_dicatat'),
(93, 39, 1, 2026, 2547, 2604, 57, 3, '2026-02-23 11:29:47', 'sudah_dicatat'),
(94, 40, 1, 2026, 218, 228, 10, 3, '2026-02-23 11:29:47', 'sudah_dicatat'),
(95, 41, 1, 2026, 3000, 3060, 60, 3, '2026-02-23 11:29:47', 'sudah_dicatat'),
(96, 42, 1, 2026, 287, 332, 45, 3, '2026-02-23 11:29:47', 'sudah_dicatat'),
(97, 43, 1, 2026, 90, 99, 9, 3, '2026-02-23 11:29:47', 'sudah_dicatat'),
(98, 44, 1, 2026, 210, 239, 29, 3, '2026-02-23 11:29:47', 'sudah_dicatat'),
(99, 45, 1, 2026, 3401, 3401, 0, 3, '2026-02-23 11:29:47', 'sudah_dicatat'),
(100, 46, 1, 2026, 152, 177, 25, 3, '2026-02-23 11:29:47', 'sudah_dicatat'),
(101, 47, 1, 2026, 560, 610, 50, 3, '2026-02-23 11:29:47', 'sudah_dicatat'),
(102, 48, 1, 2026, 1830, 1851, 21, 3, '2026-02-23 11:29:47', 'sudah_dicatat'),
(103, 49, 1, 2026, 5312, 5346, 34, 3, '2026-02-23 11:29:47', 'sudah_dicatat'),
(104, 50, 1, 2026, 156, 171, 15, 3, '2026-02-23 11:29:47', 'sudah_dicatat'),
(105, 51, 1, 2026, 402, 435, 33, 3, '2026-02-23 11:29:47', 'sudah_dicatat'),
(106, 52, 1, 2026, 498, 547, 49, 3, '2026-02-23 11:29:47', 'sudah_dicatat'),
(107, 53, 1, 2026, 30, 30, 0, 3, '2026-02-23 11:29:47', 'sudah_dicatat'),
(108, 54, 1, 2026, 136, 152, 16, 3, '2026-02-23 11:29:47', 'sudah_dicatat'),
(109, 55, 1, 2026, 132, 157, 25, 3, '2026-02-23 11:29:47', 'sudah_dicatat'),
(110, 56, 1, 2026, 1143, 1153, 10, 3, '2026-02-23 11:29:47', 'sudah_dicatat'),
(111, 57, 1, 2026, 1435, 1438, 3, 3, '2026-02-23 11:29:47', 'sudah_dicatat'),
(112, 58, 1, 2026, 57, 57, 0, 3, '2026-02-23 11:29:47', 'sudah_dicatat'),
(113, 59, 1, 2026, 2962, 2985, 23, 3, '2026-02-23 11:29:47', 'sudah_dicatat'),
(114, 60, 1, 2026, 384, 419, 35, 3, '2026-02-23 11:29:47', 'sudah_dicatat'),
(115, 61, 1, 2026, 193, 229, 36, 3, '2026-02-23 11:29:47', 'sudah_dicatat'),
(116, 62, 1, 2026, 334, 359, 25, 3, '2026-02-23 11:29:47', 'sudah_dicatat'),
(117, 63, 1, 2026, 470, 479, 9, 3, '2026-02-23 11:29:47', 'sudah_dicatat'),
(118, 64, 1, 2026, 863, 867, 4, 3, '2026-02-23 11:29:47', 'sudah_dicatat'),
(119, 65, 1, 2026, 8154, 8209, 55, 3, '2026-02-23 11:29:47', 'sudah_dicatat'),
(120, 66, 1, 2026, 337, 371, 34, 3, '2026-02-23 11:29:47', 'sudah_dicatat'),
(121, 67, 1, 2026, 297, 328, 31, 3, '2026-02-23 11:29:47', 'sudah_dicatat'),
(122, 68, 1, 2026, 203, 224, 21, 3, '2026-02-23 11:29:47', 'sudah_dicatat'),
(123, 69, 1, 2026, 2242, 2270, 28, 3, '2026-02-23 11:29:47', 'sudah_dicatat'),
(124, 70, 1, 2026, 2166, 2193, 27, 3, '2026-02-23 11:29:47', 'sudah_dicatat'),
(125, 71, 1, 2026, 2447, 2472, 25, 3, '2026-02-23 11:29:47', 'sudah_dicatat'),
(126, 72, 1, 2026, 4334, 4342, 8, 3, '2026-02-23 11:29:47', 'sudah_dicatat'),
(127, 73, 1, 2026, 381, 409, 28, 3, '2026-02-23 11:29:47', 'sudah_dicatat'),
(128, 74, 1, 2026, 57, 61, 4, 3, '2026-02-23 11:29:47', 'sudah_dicatat'),
(129, 75, 1, 2026, 2327, 2360, 33, 3, '2026-02-23 11:29:47', 'sudah_dicatat'),
(130, 76, 1, 2026, 194, 215, 21, 3, '2026-02-23 11:29:47', 'sudah_dicatat'),
(131, 77, 1, 2026, 432, 482, 50, 3, '2026-02-23 11:29:47', 'sudah_dicatat'),
(132, 78, 1, 2026, 294, 314, 20, 3, '2026-02-23 11:29:47', 'sudah_dicatat'),
(133, 79, 1, 2026, 33, 49, 16, 3, '2026-02-23 11:29:47', 'sudah_dicatat'),
(134, 80, 1, 2026, 44, 54, 10, 3, '2026-02-23 11:29:47', 'sudah_dicatat'),
(135, 81, 1, 2026, 241, 268, 27, 3, '2026-02-23 11:29:47', 'sudah_dicatat'),
(136, 82, 1, 2026, 248, 275, 27, 3, '2026-02-23 11:29:47', 'sudah_dicatat'),
(137, 83, 1, 2026, 105, 105, 0, 3, '2026-02-23 11:29:47', 'sudah_dicatat'),
(138, 84, 1, 2026, 580, 593, 13, 3, '2026-02-23 11:29:47', 'sudah_dicatat'),
(139, 85, 1, 2026, 2418, 2428, 10, 3, '2026-02-23 11:29:47', 'sudah_dicatat'),
(140, 86, 1, 2026, 8, 8, 0, 3, '2026-02-23 11:29:47', 'sudah_dicatat'),
(141, 87, 1, 2026, 464, 493, 29, 3, '2026-02-23 11:29:47', 'sudah_dicatat'),
(142, 88, 1, 2026, 3508, 3587, 79, 3, '2026-02-23 11:29:47', 'sudah_dicatat'),
(143, 89, 1, 2026, 491, 545, 54, 3, '2026-02-23 11:29:47', 'sudah_dicatat'),
(144, 90, 1, 2026, 255, 280, 25, 3, '2026-02-23 11:29:47', 'sudah_dicatat'),
(145, 91, 1, 2026, 553, 584, 31, 3, '2026-02-23 11:29:47', 'sudah_dicatat'),
(146, 92, 1, 2026, 39, 44, 5, 3, '2026-02-23 11:29:47', 'sudah_dicatat'),
(147, 93, 1, 2026, 668, 711, 43, 3, '2026-02-23 11:29:47', 'sudah_dicatat'),
(148, 94, 1, 2026, 877, 982, 105, 3, '2026-02-23 11:29:47', 'sudah_dicatat'),
(149, 95, 1, 2026, 286, 326, 40, 3, '2026-02-23 11:29:47', 'sudah_dicatat'),
(150, 96, 1, 2026, 2178, 2199, 21, 3, '2026-02-23 11:29:47', 'sudah_dicatat'),
(151, 97, 1, 2026, 534, 580, 46, 3, '2026-02-23 11:29:47', 'sudah_dicatat'),
(152, 98, 1, 2026, 222, 245, 23, 3, '2026-02-23 11:29:47', 'sudah_dicatat'),
(153, 99, 1, 2026, 958, 1211, 253, 3, '2026-02-23 11:29:47', 'sudah_dicatat'),
(154, 100, 1, 2026, 31, 39, 8, 3, '2026-02-23 11:29:47', 'sudah_dicatat'),
(155, 101, 1, 2026, 59, 94, 35, 3, '2026-02-23 11:29:47', 'sudah_dicatat'),
(156, 102, 1, 2026, 55, 70, 15, 3, '2026-02-23 11:29:47', 'sudah_dicatat'),
(157, 103, 1, 2026, 752, 774, 22, 3, '2026-02-23 11:29:47', 'sudah_dicatat'),
(158, 104, 1, 2026, 147, 164, 17, 3, '2026-02-23 11:29:47', 'sudah_dicatat'),
(159, 105, 1, 2026, 77, 84, 7, 3, '2026-02-23 11:29:47', 'sudah_dicatat'),
(160, 106, 1, 2026, 93, 101, 8, 3, '2026-02-23 11:29:47', 'sudah_dicatat'),
(161, 107, 1, 2026, 975, 975, 0, 3, '2026-02-23 11:29:47', 'sudah_dicatat'),
(162, 108, 1, 2026, 264, 317, 53, 3, '2026-02-23 11:29:47', 'sudah_dicatat'),
(163, 109, 1, 2026, 233, 271, 38, 3, '2026-02-23 11:29:47', 'sudah_dicatat'),
(164, 110, 1, 2026, 273, 291, 18, 3, '2026-02-23 11:29:47', 'sudah_dicatat'),
(165, 111, 1, 2026, 1130, 1186, 56, 3, '2026-02-23 11:29:47', 'sudah_dicatat'),
(166, 112, 1, 2026, 1299, 1300, 1, 3, '2026-02-23 11:29:47', 'sudah_dicatat'),
(167, 113, 1, 2026, 305, 334, 29, 3, '2026-02-23 11:29:47', 'sudah_dicatat'),
(168, 114, 1, 2026, 290, 307, 17, 3, '2026-02-23 11:29:47', 'sudah_dicatat'),
(169, 115, 1, 2026, 217, 254, 37, 3, '2026-02-23 11:29:47', 'sudah_dicatat'),
(170, 116, 1, 2026, 154, 163, 9, 3, '2026-02-23 11:29:47', 'sudah_dicatat'),
(171, 117, 1, 2026, 192, 217, 25, 3, '2026-02-23 11:29:47', 'sudah_dicatat'),
(172, 118, 1, 2026, 212, 238, 26, 3, '2026-02-23 11:29:47', 'sudah_dicatat'),
(173, 119, 1, 2026, 6767, 6818, 51, 3, '2026-02-23 11:29:47', 'sudah_dicatat'),
(174, 120, 1, 2026, 401, 450, 49, 3, '2026-02-23 11:29:47', 'sudah_dicatat'),
(175, 121, 1, 2026, 2138, 2203, 65, 3, '2026-02-23 11:29:47', 'sudah_dicatat'),
(176, 122, 1, 2026, 254, 254, 0, 3, '2026-02-23 11:29:47', 'sudah_dicatat'),
(177, 123, 1, 2026, 195, 222, 27, 3, '2026-02-23 11:29:47', 'sudah_dicatat'),
(178, 124, 1, 2026, 1466, 1499, 33, 3, '2026-02-23 11:29:47', 'sudah_dicatat'),
(179, 125, 1, 2026, 1388, 1388, 0, 3, '2026-02-23 11:29:47', 'sudah_dicatat'),
(180, 126, 1, 2026, 5728, 5743, 15, 3, '2026-02-23 11:29:47', 'sudah_dicatat'),
(181, 127, 1, 2026, 214, 267, 53, 3, '2026-02-23 11:29:47', 'sudah_dicatat'),
(182, 128, 1, 2026, 221, 247, 26, 3, '2026-02-23 11:29:47', 'sudah_dicatat'),
(183, 129, 1, 2026, 2366, 2399, 33, 3, '2026-02-23 11:29:47', 'sudah_dicatat'),
(184, 130, 1, 2026, 1836, 1867, 31, 3, '2026-02-23 11:29:47', 'sudah_dicatat'),
(185, 131, 1, 2026, 3560, 3583, 23, 3, '2026-02-23 11:29:47', 'sudah_dicatat'),
(186, 132, 1, 2026, 184, 203, 19, 3, '2026-02-23 11:29:47', 'sudah_dicatat'),
(187, 133, 1, 2026, 40, 44, 4, 3, '2026-02-23 11:29:47', 'sudah_dicatat'),
(188, 134, 1, 2026, 45, 48, 3, 3, '2026-02-23 11:29:47', 'sudah_dicatat'),
(189, 135, 1, 2026, 43, 43, 0, 3, '2026-02-23 11:29:47', 'sudah_dicatat'),
(190, 136, 1, 2026, 387, 417, 30, 3, '2026-02-23 11:29:47', 'sudah_dicatat'),
(191, 137, 1, 2026, 1054, 1059, 5, 3, '2026-02-23 11:29:47', 'sudah_dicatat'),
(192, 138, 1, 2026, 1083, 1147, 64, 3, '2026-02-23 11:29:47', 'sudah_dicatat'),
(193, 139, 1, 2026, 111, 141, 30, 3, '2026-02-23 11:29:47', 'sudah_dicatat'),
(194, 140, 1, 2026, 2080, 2082, 2, 3, '2026-02-23 11:29:47', 'sudah_dicatat'),
(195, 141, 1, 2026, 754, 781, 27, 3, '2026-02-23 11:29:47', 'sudah_dicatat'),
(196, 142, 1, 2026, 240, 285, 45, 3, '2026-02-23 11:29:47', 'sudah_dicatat'),
(197, 143, 1, 2026, 901, 1059, 158, 3, '2026-02-23 11:29:47', 'sudah_dicatat'),
(198, 144, 1, 2026, 47, 119, 72, 3, '2026-02-23 11:29:47', 'sudah_dicatat'),
(199, 145, 1, 2026, 486, 546, 60, 3, '2026-02-23 11:29:47', 'sudah_dicatat'),
(200, 146, 1, 2026, 258, 293, 35, 3, '2026-02-23 11:29:47', 'sudah_dicatat'),
(201, 147, 1, 2026, 325, 365, 40, 3, '2026-02-23 11:29:47', 'sudah_dicatat'),
(202, 148, 1, 2026, 305, 335, 30, 3, '2026-02-23 11:29:47', 'sudah_dicatat'),
(203, 149, 1, 2026, 148, 166, 18, 3, '2026-02-23 11:29:47', 'sudah_dicatat'),
(204, 150, 1, 2026, 229, 229, 0, 3, '2026-02-23 11:29:47', 'sudah_dicatat'),
(205, 151, 1, 2026, 3607, 3607, 0, 3, '2026-02-23 11:29:47', 'sudah_dicatat'),
(206, 152, 1, 2026, 200, 221, 21, 3, '2026-02-23 11:29:47', 'sudah_dicatat'),
(207, 153, 1, 2026, 87, 98, 11, 3, '2026-02-23 11:29:47', 'sudah_dicatat'),
(208, 154, 1, 2026, 0, 0, 0, 3, '2026-02-23 14:18:14', 'sudah_dicatat'),
(209, 155, 1, 2026, 0, 0, 0, 3, '2026-02-23 14:18:14', 'sudah_dicatat'),
(210, 10, 2, 2026, 0, 0, 0, NULL, '2026-02-23 14:32:48', 'belum_dicatat'),
(211, 11, 2, 2026, 2538, NULL, NULL, NULL, '2026-02-23 14:32:48', 'belum_dicatat'),
(212, 12, 2, 2026, 282, NULL, NULL, NULL, '2026-02-23 14:32:48', 'belum_dicatat'),
(213, 13, 2, 2026, 255, 260, 5, 3, '2026-02-23 14:32:48', 'sudah_dicatat'),
(214, 14, 2, 2026, 576, NULL, NULL, NULL, '2026-02-23 14:32:48', 'belum_dicatat'),
(215, 15, 2, 2026, 5017, NULL, NULL, NULL, '2026-02-23 14:32:48', 'belum_dicatat'),
(216, 16, 2, 2026, 238, NULL, NULL, NULL, '2026-02-23 14:32:48', 'belum_dicatat'),
(217, 17, 2, 2026, 93, NULL, NULL, NULL, '2026-02-23 14:32:48', 'belum_dicatat'),
(218, 18, 2, 2026, 5739, NULL, NULL, NULL, '2026-02-23 14:32:48', 'belum_dicatat'),
(219, 19, 2, 2026, 5063, NULL, NULL, NULL, '2026-02-23 14:32:48', 'belum_dicatat'),
(220, 20, 2, 2026, 2623, NULL, NULL, NULL, '2026-02-23 14:32:48', 'belum_dicatat'),
(221, 21, 2, 2026, 3270, NULL, NULL, NULL, '2026-02-23 14:32:48', 'belum_dicatat'),
(222, 22, 2, 2026, 6546, NULL, NULL, NULL, '2026-02-23 14:32:48', 'belum_dicatat'),
(223, 23, 2, 2026, 231, NULL, NULL, NULL, '2026-02-23 14:32:48', 'belum_dicatat'),
(224, 24, 2, 2026, 165, NULL, NULL, NULL, '2026-02-23 14:32:48', 'belum_dicatat'),
(225, 25, 2, 2026, 9102, NULL, NULL, NULL, '2026-02-23 14:32:48', 'belum_dicatat'),
(226, 26, 2, 2026, 290, NULL, NULL, NULL, '2026-02-23 14:32:48', 'belum_dicatat'),
(227, 27, 2, 2026, 862, NULL, NULL, NULL, '2026-02-23 14:32:48', 'belum_dicatat'),
(228, 28, 2, 2026, 1018, NULL, NULL, NULL, '2026-02-23 14:32:48', 'belum_dicatat'),
(229, 29, 2, 2026, 1206, NULL, NULL, NULL, '2026-02-23 14:32:48', 'belum_dicatat'),
(230, 30, 2, 2026, 1721, NULL, NULL, NULL, '2026-02-23 14:32:48', 'belum_dicatat'),
(231, 31, 2, 2026, 206, NULL, NULL, NULL, '2026-02-23 14:32:48', 'belum_dicatat'),
(232, 32, 2, 2026, 554, NULL, NULL, NULL, '2026-02-23 14:32:48', 'belum_dicatat'),
(233, 33, 2, 2026, 15340, NULL, NULL, NULL, '2026-02-23 14:32:48', 'belum_dicatat'),
(234, 34, 2, 2026, 9105, NULL, NULL, NULL, '2026-02-23 14:32:48', 'belum_dicatat'),
(235, 35, 2, 2026, 241, NULL, NULL, NULL, '2026-02-23 14:32:48', 'belum_dicatat'),
(236, 36, 2, 2026, 252, NULL, NULL, NULL, '2026-02-23 14:32:48', 'belum_dicatat'),
(237, 37, 2, 2026, 112, NULL, NULL, NULL, '2026-02-23 14:32:48', 'belum_dicatat'),
(238, 38, 2, 2026, 32, NULL, NULL, NULL, '2026-02-23 14:32:48', 'belum_dicatat'),
(239, 39, 2, 2026, 2604, NULL, NULL, NULL, '2026-02-23 14:32:48', 'belum_dicatat'),
(240, 40, 2, 2026, 228, NULL, NULL, NULL, '2026-02-23 14:32:48', 'belum_dicatat'),
(241, 41, 2, 2026, 3060, NULL, NULL, NULL, '2026-02-23 14:32:48', 'belum_dicatat'),
(242, 42, 2, 2026, 332, NULL, NULL, NULL, '2026-02-23 14:32:48', 'belum_dicatat'),
(243, 43, 2, 2026, 99, NULL, NULL, NULL, '2026-02-23 14:32:48', 'belum_dicatat'),
(244, 44, 2, 2026, 239, NULL, NULL, NULL, '2026-02-23 14:32:48', 'belum_dicatat'),
(245, 45, 2, 2026, 3401, NULL, NULL, NULL, '2026-02-23 14:32:48', 'belum_dicatat'),
(246, 46, 2, 2026, 177, NULL, NULL, NULL, '2026-02-23 14:32:48', 'belum_dicatat'),
(247, 47, 2, 2026, 610, NULL, NULL, NULL, '2026-02-23 14:32:48', 'belum_dicatat'),
(248, 48, 2, 2026, 1851, NULL, NULL, NULL, '2026-02-23 14:32:48', 'belum_dicatat'),
(249, 49, 2, 2026, 5346, NULL, NULL, NULL, '2026-02-23 14:32:48', 'belum_dicatat'),
(250, 50, 2, 2026, 171, NULL, NULL, NULL, '2026-02-23 14:32:48', 'belum_dicatat'),
(251, 51, 2, 2026, 435, NULL, NULL, NULL, '2026-02-23 14:32:48', 'belum_dicatat'),
(252, 52, 2, 2026, 547, NULL, NULL, NULL, '2026-02-23 14:32:48', 'belum_dicatat'),
(253, 53, 2, 2026, 30, NULL, NULL, NULL, '2026-02-23 14:32:48', 'belum_dicatat'),
(254, 54, 2, 2026, 152, NULL, NULL, NULL, '2026-02-23 14:32:48', 'belum_dicatat'),
(255, 55, 2, 2026, 157, NULL, NULL, NULL, '2026-02-23 14:32:48', 'belum_dicatat'),
(256, 56, 2, 2026, 1153, NULL, NULL, NULL, '2026-02-23 14:32:48', 'belum_dicatat'),
(257, 57, 2, 2026, 1438, NULL, NULL, NULL, '2026-02-23 14:32:48', 'belum_dicatat'),
(258, 58, 2, 2026, 57, NULL, NULL, NULL, '2026-02-23 14:32:48', 'belum_dicatat'),
(259, 59, 2, 2026, 2985, 3000, 15, 3, '2026-02-23 14:32:48', 'sudah_dicatat'),
(260, 60, 2, 2026, 419, NULL, NULL, NULL, '2026-02-23 14:32:48', 'belum_dicatat'),
(261, 61, 2, 2026, 229, NULL, NULL, NULL, '2026-02-23 14:32:48', 'belum_dicatat'),
(262, 62, 2, 2026, 359, NULL, NULL, NULL, '2026-02-23 14:32:48', 'belum_dicatat'),
(263, 63, 2, 2026, 479, NULL, NULL, NULL, '2026-02-23 14:32:48', 'belum_dicatat'),
(264, 64, 2, 2026, 867, NULL, NULL, NULL, '2026-02-23 14:32:48', 'belum_dicatat'),
(265, 65, 2, 2026, 8209, NULL, NULL, NULL, '2026-02-23 14:32:48', 'belum_dicatat'),
(266, 66, 2, 2026, 371, NULL, NULL, NULL, '2026-02-23 14:32:48', 'belum_dicatat'),
(267, 67, 2, 2026, 328, NULL, NULL, NULL, '2026-02-23 14:32:48', 'belum_dicatat'),
(268, 68, 2, 2026, 224, NULL, NULL, NULL, '2026-02-23 14:32:48', 'belum_dicatat'),
(269, 69, 2, 2026, 2270, NULL, NULL, NULL, '2026-02-23 14:32:48', 'belum_dicatat'),
(270, 70, 2, 2026, 2193, NULL, NULL, NULL, '2026-02-23 14:32:48', 'belum_dicatat'),
(271, 71, 2, 2026, 2472, NULL, NULL, NULL, '2026-02-23 14:32:48', 'belum_dicatat'),
(272, 72, 2, 2026, 4342, NULL, NULL, NULL, '2026-02-23 14:32:48', 'belum_dicatat'),
(273, 73, 2, 2026, 409, NULL, NULL, NULL, '2026-02-23 14:32:48', 'belum_dicatat'),
(274, 74, 2, 2026, 61, NULL, NULL, NULL, '2026-02-23 14:32:48', 'belum_dicatat'),
(275, 75, 2, 2026, 2360, NULL, NULL, NULL, '2026-02-23 14:32:48', 'belum_dicatat'),
(276, 76, 2, 2026, 215, NULL, NULL, NULL, '2026-02-23 14:32:48', 'belum_dicatat'),
(277, 77, 2, 2026, 482, NULL, NULL, NULL, '2026-02-23 14:32:48', 'belum_dicatat'),
(278, 78, 2, 2026, 314, NULL, NULL, NULL, '2026-02-23 14:32:48', 'belum_dicatat'),
(279, 79, 2, 2026, 49, NULL, NULL, NULL, '2026-02-23 14:32:48', 'belum_dicatat'),
(280, 80, 2, 2026, 54, NULL, NULL, NULL, '2026-02-23 14:32:48', 'belum_dicatat'),
(281, 81, 2, 2026, 268, NULL, NULL, NULL, '2026-02-23 14:32:48', 'belum_dicatat'),
(282, 82, 2, 2026, 275, NULL, NULL, NULL, '2026-02-23 14:32:48', 'belum_dicatat'),
(283, 83, 2, 2026, 105, NULL, NULL, NULL, '2026-02-23 14:32:48', 'belum_dicatat'),
(284, 84, 2, 2026, 593, NULL, NULL, NULL, '2026-02-23 14:32:48', 'belum_dicatat'),
(285, 85, 2, 2026, 2428, NULL, NULL, NULL, '2026-02-23 14:32:48', 'belum_dicatat'),
(286, 86, 2, 2026, 8, NULL, NULL, NULL, '2026-02-23 14:32:48', 'belum_dicatat'),
(287, 87, 2, 2026, 493, NULL, NULL, NULL, '2026-02-23 14:32:48', 'belum_dicatat'),
(288, 88, 2, 2026, 3587, NULL, NULL, NULL, '2026-02-23 14:32:48', 'belum_dicatat'),
(289, 89, 2, 2026, 545, NULL, NULL, NULL, '2026-02-23 14:32:48', 'belum_dicatat'),
(290, 90, 2, 2026, 280, NULL, NULL, NULL, '2026-02-23 14:32:48', 'belum_dicatat'),
(291, 91, 2, 2026, 584, NULL, NULL, NULL, '2026-02-23 14:32:48', 'belum_dicatat'),
(292, 92, 2, 2026, 44, NULL, NULL, NULL, '2026-02-23 14:32:48', 'belum_dicatat'),
(293, 93, 2, 2026, 711, NULL, NULL, NULL, '2026-02-23 14:32:48', 'belum_dicatat'),
(294, 94, 2, 2026, 982, NULL, NULL, NULL, '2026-02-23 14:32:48', 'belum_dicatat'),
(295, 95, 2, 2026, 326, NULL, NULL, NULL, '2026-02-23 14:32:48', 'belum_dicatat'),
(296, 96, 2, 2026, 2199, NULL, NULL, NULL, '2026-02-23 14:32:48', 'belum_dicatat'),
(297, 97, 2, 2026, 580, NULL, NULL, NULL, '2026-02-23 14:32:48', 'belum_dicatat'),
(298, 98, 2, 2026, 245, NULL, NULL, NULL, '2026-02-23 14:32:48', 'belum_dicatat'),
(299, 99, 2, 2026, 1211, NULL, NULL, NULL, '2026-02-23 14:32:48', 'belum_dicatat'),
(300, 100, 2, 2026, 39, NULL, NULL, NULL, '2026-02-23 14:32:48', 'belum_dicatat'),
(301, 101, 2, 2026, 94, NULL, NULL, NULL, '2026-02-23 14:32:48', 'belum_dicatat'),
(302, 102, 2, 2026, 70, NULL, NULL, NULL, '2026-02-23 14:32:48', 'belum_dicatat'),
(303, 103, 2, 2026, 774, NULL, NULL, NULL, '2026-02-23 14:32:48', 'belum_dicatat'),
(304, 104, 2, 2026, 164, NULL, NULL, NULL, '2026-02-23 14:32:48', 'belum_dicatat'),
(305, 105, 2, 2026, 84, NULL, NULL, NULL, '2026-02-23 14:32:48', 'belum_dicatat'),
(306, 106, 2, 2026, 101, 105, 4, 3, '2026-02-23 14:32:48', 'sudah_dicatat'),
(307, 107, 2, 2026, 975, NULL, NULL, NULL, '2026-02-23 14:32:48', 'belum_dicatat'),
(308, 108, 2, 2026, 317, NULL, NULL, NULL, '2026-02-23 14:32:48', 'belum_dicatat'),
(309, 109, 2, 2026, 271, NULL, NULL, NULL, '2026-02-23 14:32:48', 'belum_dicatat'),
(310, 110, 2, 2026, 291, NULL, NULL, NULL, '2026-02-23 14:32:48', 'belum_dicatat'),
(311, 111, 2, 2026, 1186, 1200, 14, 3, '2026-02-23 14:32:48', 'sudah_dicatat'),
(312, 112, 2, 2026, 1300, NULL, NULL, NULL, '2026-02-23 14:32:48', 'belum_dicatat'),
(313, 113, 2, 2026, 334, NULL, NULL, NULL, '2026-02-23 14:32:48', 'belum_dicatat'),
(314, 114, 2, 2026, 307, NULL, NULL, NULL, '2026-02-23 14:32:48', 'belum_dicatat'),
(315, 115, 2, 2026, 254, 280, 26, 3, '2026-02-23 14:32:48', 'sudah_dicatat'),
(316, 116, 2, 2026, 163, NULL, NULL, NULL, '2026-02-23 14:32:48', 'belum_dicatat'),
(317, 117, 2, 2026, 217, NULL, NULL, NULL, '2026-02-23 14:32:48', 'belum_dicatat'),
(318, 118, 2, 2026, 238, NULL, NULL, NULL, '2026-02-23 14:32:48', 'belum_dicatat'),
(319, 119, 2, 2026, 6818, NULL, NULL, NULL, '2026-02-23 14:32:48', 'belum_dicatat'),
(320, 120, 2, 2026, 450, NULL, NULL, NULL, '2026-02-23 14:32:48', 'belum_dicatat'),
(321, 121, 2, 2026, 2203, NULL, NULL, NULL, '2026-02-23 14:32:48', 'belum_dicatat'),
(322, 122, 2, 2026, 254, NULL, NULL, NULL, '2026-02-23 14:32:48', 'belum_dicatat'),
(323, 123, 2, 2026, 222, NULL, NULL, NULL, '2026-02-23 14:32:48', 'belum_dicatat'),
(324, 124, 2, 2026, 1499, NULL, NULL, NULL, '2026-02-23 14:32:48', 'belum_dicatat'),
(325, 125, 2, 2026, 1388, NULL, NULL, NULL, '2026-02-23 14:32:48', 'belum_dicatat'),
(326, 126, 2, 2026, 5743, NULL, NULL, NULL, '2026-02-23 14:32:48', 'belum_dicatat'),
(327, 127, 2, 2026, 267, NULL, NULL, NULL, '2026-02-23 14:32:48', 'belum_dicatat'),
(328, 128, 2, 2026, 247, NULL, NULL, NULL, '2026-02-23 14:32:48', 'belum_dicatat'),
(329, 129, 2, 2026, 2397, NULL, NULL, NULL, '2026-02-23 14:32:48', 'belum_dicatat'),
(330, 130, 2, 2026, 1867, NULL, NULL, NULL, '2026-02-23 14:32:48', 'belum_dicatat'),
(331, 131, 2, 2026, 3583, NULL, NULL, NULL, '2026-02-23 14:32:48', 'belum_dicatat'),
(332, 132, 2, 2026, 203, NULL, NULL, NULL, '2026-02-23 14:32:48', 'belum_dicatat'),
(333, 133, 2, 2026, 44, NULL, NULL, NULL, '2026-02-23 14:32:48', 'belum_dicatat'),
(334, 134, 2, 2026, 48, NULL, NULL, NULL, '2026-02-23 14:32:48', 'belum_dicatat'),
(335, 135, 2, 2026, 43, NULL, NULL, NULL, '2026-02-23 14:32:48', 'belum_dicatat'),
(336, 136, 2, 2026, 417, NULL, NULL, NULL, '2026-02-23 14:32:48', 'belum_dicatat'),
(337, 137, 2, 2026, 1059, NULL, NULL, NULL, '2026-02-23 14:32:48', 'belum_dicatat'),
(338, 138, 2, 2026, 1147, NULL, NULL, NULL, '2026-02-23 14:32:48', 'belum_dicatat'),
(339, 139, 2, 2026, 141, NULL, NULL, NULL, '2026-02-23 14:32:48', 'belum_dicatat'),
(340, 140, 2, 2026, 2082, NULL, NULL, NULL, '2026-02-23 14:32:48', 'belum_dicatat'),
(341, 141, 2, 2026, 781, NULL, NULL, NULL, '2026-02-23 14:32:48', 'belum_dicatat'),
(342, 142, 2, 2026, 285, NULL, NULL, NULL, '2026-02-23 14:32:48', 'belum_dicatat'),
(343, 143, 2, 2026, 1059, NULL, NULL, NULL, '2026-02-23 14:32:48', 'belum_dicatat'),
(344, 144, 2, 2026, 119, NULL, NULL, NULL, '2026-02-23 14:32:48', 'belum_dicatat'),
(345, 145, 2, 2026, 546, NULL, NULL, NULL, '2026-02-23 14:32:48', 'belum_dicatat'),
(346, 146, 2, 2026, 293, NULL, NULL, NULL, '2026-02-23 14:32:48', 'belum_dicatat'),
(347, 147, 2, 2026, 365, NULL, NULL, NULL, '2026-02-23 14:32:48', 'belum_dicatat'),
(348, 148, 2, 2026, 335, NULL, NULL, NULL, '2026-02-23 14:32:48', 'belum_dicatat'),
(349, 149, 2, 2026, 166, NULL, NULL, NULL, '2026-02-23 14:32:48', 'belum_dicatat'),
(350, 150, 2, 2026, 229, NULL, NULL, NULL, '2026-02-23 14:32:48', 'belum_dicatat'),
(351, 151, 2, 2026, 3607, NULL, NULL, NULL, '2026-02-23 14:32:48', 'belum_dicatat'),
(352, 152, 2, 2026, 221, NULL, NULL, NULL, '2026-02-23 14:32:48', 'belum_dicatat'),
(353, 153, 2, 2026, 0, 0, 0, 3, '2026-02-23 14:32:48', 'sudah_dicatat'),
(354, 154, 2, 2026, 0, NULL, NULL, NULL, '2026-02-23 14:32:48', 'belum_dicatat'),
(355, 155, 2, 2026, 0, NULL, NULL, NULL, '2026-02-23 14:32:48', 'belum_dicatat');

-- --------------------------------------------------------

--
-- Table structure for table `pendapatan`
--

CREATE TABLE `pendapatan` (
  `id` int(11) NOT NULL,
  `tanggal` date NOT NULL,
  `kategori` varchar(100) NOT NULL,
  `deskripsi` text DEFAULT NULL,
  `jumlah` decimal(12,2) NOT NULL,
  `created_at` timestamp NOT NULL DEFAULT current_timestamp()
) ENGINE=InnoDB DEFAULT CHARSET=utf8mb4 COLLATE=utf8mb4_general_ci;

--
-- Dumping data for table `pendapatan`
--

INSERT INTO `pendapatan` (`id`, `tanggal`, `kategori`, `deskripsi`, `jumlah`, `created_at`) VALUES
(1, '2026-02-05', 'Lainnya', 'Penjualan pipa bekas', 100000.00, '2026-03-07 03:43:08');

-- --------------------------------------------------------

--
-- Table structure for table `pengeluaran`
--

CREATE TABLE `pengeluaran` (
  `id` int(11) NOT NULL,
  `tanggal` date NOT NULL,
  `kategori` varchar(100) NOT NULL,
  `deskripsi` text DEFAULT NULL,
  `jumlah` decimal(12,2) NOT NULL,
  `created_at` timestamp NOT NULL DEFAULT current_timestamp()
) ENGINE=InnoDB DEFAULT CHARSET=utf8mb4 COLLATE=utf8mb4_general_ci;

--
-- Dumping data for table `pengeluaran`
--

INSERT INTO `pengeluaran` (`id`, `tanggal`, `kategori`, `deskripsi`, `jumlah`, `created_at`) VALUES
(2, '2026-12-22', 'rr', 'ff', 1000000.00, '2026-02-24 13:47:17');

-- --------------------------------------------------------

--
-- Table structure for table `tagihan`
--

CREATE TABLE `tagihan` (
  `id` int(11) NOT NULL,
  `pencatatan_id` int(11) NOT NULL,
  `total_tagihan` decimal(12,2) DEFAULT NULL,
  `status` enum('belum_bayar','lunas') DEFAULT 'belum_bayar',
  `jatuh_tempo` date DEFAULT NULL
) ENGINE=InnoDB DEFAULT CHARSET=utf8mb4 COLLATE=utf8mb4_general_ci;

--
-- Dumping data for table `tagihan`
--

INSERT INTO `tagihan` (`id`, `pencatatan_id`, `total_tagihan`, `status`, `jatuh_tempo`) VALUES
(57, 64, 3000.00, 'lunas', NULL),
(58, 65, 16000.00, 'belum_bayar', NULL),
(59, 66, 37400.00, 'belum_bayar', NULL),
(60, 67, 31400.00, 'lunas', NULL),
(61, 68, 37400.00, 'belum_bayar', NULL),
(62, 69, 42200.00, 'belum_bayar', NULL),
(63, 70, 32600.00, 'belum_bayar', NULL),
(64, 71, 19000.00, 'belum_bayar', NULL),
(65, 72, 20000.00, 'belum_bayar', NULL),
(66, 73, 43400.00, 'belum_bayar', NULL),
(67, 74, 12000.00, 'belum_bayar', NULL),
(68, 75, 22000.00, 'belum_bayar', NULL),
(69, 76, 3000.00, 'belum_bayar', NULL),
(70, 77, 26600.00, 'belum_bayar', NULL),
(71, 78, 48200.00, 'belum_bayar', NULL),
(72, 79, 33800.00, 'belum_bayar', NULL),
(73, 80, 37400.00, 'belum_bayar', NULL),
(74, 81, 44200.00, 'belum_bayar', NULL),
(75, 82, 25400.00, 'belum_bayar', NULL),
(76, 83, 5000.00, 'belum_bayar', NULL),
(77, 84, 59000.00, 'belum_bayar', NULL),
(78, 85, 11000.00, 'belum_bayar', NULL),
(79, 86, 3000.00, 'belum_bayar', NULL),
(80, 87, 3000.00, 'belum_bayar', NULL),
(81, 88, 23000.00, 'belum_bayar', NULL),
(82, 89, 25400.00, 'belum_bayar', NULL),
(83, 90, 31400.00, 'belum_bayar', NULL),
(84, 91, 15000.00, 'belum_bayar', NULL),
(85, 92, 4000.00, 'belum_bayar', NULL),
(86, 93, 67400.00, 'belum_bayar', NULL),
(87, 94, 13000.00, 'belum_bayar', NULL),
(88, 95, 71000.00, 'belum_bayar', NULL),
(89, 96, 53000.00, 'belum_bayar', NULL),
(90, 97, 12000.00, 'belum_bayar', NULL),
(91, 98, 33800.00, 'belum_bayar', NULL),
(92, 99, 3000.00, 'belum_bayar', NULL),
(93, 100, 29000.00, 'belum_bayar', NULL),
(94, 101, 59000.00, 'belum_bayar', NULL),
(95, 102, 24200.00, 'belum_bayar', NULL),
(96, 103, 39800.00, 'belum_bayar', NULL),
(97, 104, 18000.00, 'belum_bayar', NULL),
(98, 105, 38600.00, 'belum_bayar', NULL),
(99, 106, 57800.00, 'belum_bayar', NULL),
(100, 107, 3000.00, 'belum_bayar', NULL),
(101, 108, 19000.00, 'belum_bayar', NULL),
(102, 109, 29000.00, 'belum_bayar', NULL),
(103, 110, 13000.00, 'belum_bayar', NULL),
(104, 111, 6000.00, 'belum_bayar', NULL),
(105, 112, 3000.00, 'belum_bayar', NULL),
(106, 113, 26600.00, 'lunas', NULL),
(107, 114, 41000.00, 'belum_bayar', NULL),
(108, 115, 42200.00, 'belum_bayar', NULL),
(109, 116, 29000.00, 'belum_bayar', NULL),
(110, 117, 12000.00, 'belum_bayar', NULL),
(111, 118, 7000.00, 'belum_bayar', NULL),
(112, 119, 65000.00, 'belum_bayar', NULL),
(113, 120, 39800.00, 'belum_bayar', NULL),
(114, 121, 36200.00, 'belum_bayar', NULL),
(115, 122, 24200.00, 'belum_bayar', NULL),
(116, 123, 32600.00, 'belum_bayar', NULL),
(117, 124, 31400.00, 'belum_bayar', NULL),
(118, 125, 29000.00, 'belum_bayar', NULL),
(119, 126, 11000.00, 'belum_bayar', NULL),
(120, 127, 32600.00, 'lunas', NULL),
(121, 128, 7000.00, 'belum_bayar', NULL),
(122, 129, 38600.00, 'belum_bayar', NULL),
(123, 130, 24200.00, 'belum_bayar', NULL),
(124, 131, 59000.00, 'belum_bayar', NULL),
(125, 132, 23000.00, 'belum_bayar', NULL),
(126, 133, 19000.00, 'belum_bayar', NULL),
(127, 134, 13000.00, 'belum_bayar', NULL),
(128, 135, 31400.00, 'belum_bayar', NULL),
(129, 136, 31400.00, 'belum_bayar', NULL),
(130, 137, 3000.00, 'belum_bayar', NULL),
(131, 138, 16000.00, 'belum_bayar', NULL),
(132, 139, 13000.00, 'belum_bayar', NULL),
(133, 140, 3000.00, 'belum_bayar', NULL),
(134, 141, 33800.00, 'belum_bayar', NULL),
(135, 142, 93800.00, 'belum_bayar', NULL),
(136, 143, 63800.00, 'belum_bayar', NULL),
(137, 144, 29000.00, 'belum_bayar', NULL),
(138, 145, 36200.00, 'belum_bayar', NULL),
(139, 146, 8000.00, 'belum_bayar', NULL),
(140, 147, 50600.00, 'belum_bayar', NULL),
(141, 148, 125000.00, 'belum_bayar', NULL),
(142, 149, 47000.00, 'belum_bayar', NULL),
(143, 150, 24200.00, 'belum_bayar', NULL),
(144, 151, 54200.00, 'belum_bayar', NULL),
(145, 152, 26600.00, 'belum_bayar', NULL),
(146, 153, 302600.00, 'belum_bayar', NULL),
(147, 154, 11000.00, 'belum_bayar', NULL),
(148, 155, 41000.00, 'belum_bayar', NULL),
(149, 156, 18000.00, 'belum_bayar', NULL),
(150, 157, 25400.00, 'belum_bayar', NULL),
(151, 158, 20000.00, 'belum_bayar', NULL),
(152, 159, 10000.00, 'belum_bayar', NULL),
(153, 160, 11000.00, 'lunas', NULL),
(154, 161, 3000.00, 'belum_bayar', NULL),
(155, 162, 62600.00, 'belum_bayar', NULL),
(156, 163, 44600.00, 'belum_bayar', NULL),
(157, 164, 21000.00, 'belum_bayar', NULL),
(158, 165, 66200.00, 'lunas', NULL),
(159, 166, 4000.00, 'belum_bayar', NULL),
(160, 167, 33800.00, 'belum_bayar', NULL),
(161, 168, 20000.00, 'belum_bayar', NULL),
(162, 169, 43400.00, 'lunas', NULL),
(163, 170, 12000.00, 'belum_bayar', NULL),
(164, 171, 29000.00, 'belum_bayar', NULL),
(165, 172, 30200.00, 'belum_bayar', NULL),
(166, 173, 60200.00, 'belum_bayar', NULL),
(167, 174, 57800.00, 'belum_bayar', NULL),
(168, 175, 77000.00, 'belum_bayar', NULL),
(169, 176, 3000.00, 'belum_bayar', NULL),
(170, 177, 31400.00, 'belum_bayar', NULL),
(171, 178, 38600.00, 'belum_bayar', NULL),
(172, 179, 3000.00, 'belum_bayar', NULL),
(173, 180, 18000.00, 'belum_bayar', NULL),
(174, 181, 62600.00, 'belum_bayar', NULL),
(175, 182, 30200.00, 'belum_bayar', NULL),
(176, 183, 38600.00, 'belum_bayar', NULL),
(177, 184, 36200.00, 'belum_bayar', NULL),
(178, 185, 26600.00, 'belum_bayar', NULL),
(179, 186, 22000.00, 'belum_bayar', NULL),
(180, 187, 7000.00, 'belum_bayar', NULL),
(181, 188, 6000.00, 'belum_bayar', NULL),
(182, 189, 3000.00, 'belum_bayar', NULL),
(183, 190, 35000.00, 'belum_bayar', NULL),
(184, 191, 8000.00, 'belum_bayar', NULL),
(185, 192, 75800.00, 'belum_bayar', NULL),
(186, 193, 35000.00, 'belum_bayar', NULL),
(187, 194, 5000.00, 'belum_bayar', NULL),
(188, 195, 31400.00, 'belum_bayar', NULL),
(189, 196, 53000.00, 'belum_bayar', NULL),
(190, 197, 188600.00, 'belum_bayar', NULL),
(191, 198, 85400.00, 'belum_bayar', NULL),
(192, 199, 71000.00, 'belum_bayar', NULL),
(193, 200, 41000.00, 'belum_bayar', NULL),
(194, 201, 47000.00, 'belum_bayar', NULL),
(195, 202, 35000.00, 'belum_bayar', NULL),
(196, 203, 21000.00, 'belum_bayar', NULL),
(197, 204, 3000.00, 'belum_bayar', NULL),
(198, 205, 3000.00, 'belum_bayar', NULL),
(199, 206, 24200.00, 'belum_bayar', NULL),
(200, 207, 14000.00, 'belum_bayar', NULL),
(201, 208, 0.00, 'belum_bayar', NULL),
(202, 209, 0.00, 'belum_bayar', NULL),
(203, 210, 3000.00, 'belum_bayar', NULL),
(204, 211, 3000.00, 'belum_bayar', NULL),
(205, 212, 3000.00, 'belum_bayar', NULL),
(206, 213, 8000.00, 'belum_bayar', NULL),
(207, 214, 3000.00, 'belum_bayar', NULL),
(208, 215, 3000.00, 'belum_bayar', NULL),
(209, 216, 3000.00, 'belum_bayar', NULL),
(210, 217, 3000.00, 'belum_bayar', NULL),
(211, 218, 3000.00, 'belum_bayar', NULL),
(212, 219, 3000.00, 'belum_bayar', NULL),
(213, 220, 3000.00, 'belum_bayar', NULL),
(214, 221, 3000.00, 'belum_bayar', NULL),
(215, 222, 3000.00, 'belum_bayar', NULL),
(216, 223, 3000.00, 'belum_bayar', NULL),
(217, 224, 3000.00, 'belum_bayar', NULL),
(218, 225, 3000.00, 'belum_bayar', NULL),
(219, 226, 3000.00, 'belum_bayar', NULL),
(220, 227, 3000.00, 'belum_bayar', NULL),
(221, 228, 3000.00, 'belum_bayar', NULL),
(222, 229, 3000.00, 'belum_bayar', NULL),
(223, 230, 3000.00, 'belum_bayar', NULL),
(224, 231, 3000.00, 'belum_bayar', NULL),
(225, 232, 3000.00, 'belum_bayar', NULL),
(226, 233, 3000.00, 'belum_bayar', NULL),
(227, 234, 3000.00, 'belum_bayar', NULL),
(228, 235, 3000.00, 'belum_bayar', NULL),
(229, 236, 3000.00, 'belum_bayar', NULL),
(230, 237, 3000.00, 'belum_bayar', NULL),
(231, 238, 3000.00, 'belum_bayar', NULL),
(232, 239, 3000.00, 'belum_bayar', NULL),
(233, 240, 3000.00, 'belum_bayar', NULL),
(234, 241, 3000.00, 'belum_bayar', NULL),
(235, 242, 3000.00, 'belum_bayar', NULL),
(236, 243, 3000.00, 'belum_bayar', NULL),
(237, 244, 3000.00, 'belum_bayar', NULL),
(238, 245, 3000.00, 'belum_bayar', NULL),
(239, 246, 3000.00, 'belum_bayar', NULL),
(240, 247, 3000.00, 'belum_bayar', NULL),
(241, 248, 3000.00, 'belum_bayar', NULL),
(242, 249, 3000.00, 'belum_bayar', NULL),
(243, 250, 3000.00, 'belum_bayar', NULL),
(244, 251, 3000.00, 'belum_bayar', NULL),
(245, 252, 3000.00, 'belum_bayar', NULL),
(246, 253, 3000.00, 'belum_bayar', NULL),
(247, 254, 3000.00, 'belum_bayar', NULL),
(248, 255, 3000.00, 'belum_bayar', NULL),
(249, 256, 3000.00, 'belum_bayar', NULL),
(250, 257, 3000.00, 'belum_bayar', NULL),
(251, 258, 3000.00, 'belum_bayar', NULL),
(252, 259, 18000.00, 'lunas', NULL),
(253, 260, 3000.00, 'belum_bayar', NULL),
(254, 261, 3000.00, 'belum_bayar', NULL),
(255, 262, 3000.00, 'belum_bayar', NULL),
(256, 263, 3000.00, 'belum_bayar', NULL),
(257, 264, 3000.00, 'belum_bayar', NULL),
(258, 265, 3000.00, 'belum_bayar', NULL),
(259, 266, 3000.00, 'belum_bayar', NULL),
(260, 267, 3000.00, 'belum_bayar', NULL),
(261, 268, 3000.00, 'belum_bayar', NULL),
(262, 269, 3000.00, 'belum_bayar', NULL),
(263, 270, 3000.00, 'belum_bayar', NULL),
(264, 271, 3000.00, 'belum_bayar', NULL),
(265, 272, 3000.00, 'belum_bayar', NULL),
(266, 273, 3000.00, 'belum_bayar', NULL),
(267, 274, 3000.00, 'belum_bayar', NULL),
(268, 275, 3000.00, 'belum_bayar', NULL),
(269, 276, 3000.00, 'belum_bayar', NULL),
(270, 277, 3000.00, 'belum_bayar', NULL),
(271, 278, 3000.00, 'belum_bayar', NULL),
(272, 279, 3000.00, 'belum_bayar', NULL),
(273, 280, 3000.00, 'belum_bayar', NULL),
(274, 281, 3000.00, 'belum_bayar', NULL),
(275, 282, 3000.00, 'belum_bayar', NULL),
(276, 283, 3000.00, 'belum_bayar', NULL),
(277, 284, 3000.00, 'belum_bayar', NULL),
(278, 285, 3000.00, 'belum_bayar', NULL),
(279, 286, 3000.00, 'belum_bayar', NULL),
(280, 287, 3000.00, 'belum_bayar', NULL),
(281, 288, 3000.00, 'belum_bayar', NULL),
(282, 289, 3000.00, 'belum_bayar', NULL),
(283, 290, 3000.00, 'belum_bayar', NULL),
(284, 291, 3000.00, 'belum_bayar', NULL),
(285, 292, 3000.00, 'belum_bayar', NULL),
(286, 293, 3000.00, 'belum_bayar', NULL),
(287, 294, 3000.00, 'belum_bayar', NULL),
(288, 295, 3000.00, 'belum_bayar', NULL),
(289, 296, 3000.00, 'belum_bayar', NULL),
(290, 297, 3000.00, 'belum_bayar', NULL),
(291, 298, 3000.00, 'belum_bayar', NULL),
(292, 299, 3000.00, 'belum_bayar', NULL),
(293, 300, 3000.00, 'belum_bayar', NULL),
(294, 301, 3000.00, 'belum_bayar', NULL),
(295, 302, 3000.00, 'belum_bayar', NULL),
(296, 303, 3000.00, 'belum_bayar', NULL),
(297, 304, 3000.00, 'belum_bayar', NULL),
(298, 305, 3000.00, 'belum_bayar', NULL),
(299, 306, 7000.00, 'belum_bayar', NULL),
(300, 307, 3000.00, 'belum_bayar', NULL),
(301, 308, 3000.00, 'belum_bayar', NULL),
(302, 309, 3000.00, 'belum_bayar', NULL),
(303, 310, 3000.00, 'belum_bayar', NULL),
(304, 311, 17000.00, 'belum_bayar', NULL),
(305, 312, 3000.00, 'belum_bayar', NULL),
(306, 313, 3000.00, 'belum_bayar', NULL),
(307, 314, 3000.00, 'belum_bayar', NULL),
(308, 315, 30200.00, 'belum_bayar', NULL),
(309, 316, 3000.00, 'belum_bayar', NULL),
(310, 317, 3000.00, 'belum_bayar', NULL),
(311, 318, 3000.00, 'belum_bayar', NULL),
(312, 319, 3000.00, 'belum_bayar', NULL),
(313, 320, 3000.00, 'belum_bayar', NULL),
(314, 321, 3000.00, 'belum_bayar', NULL),
(315, 322, 3000.00, 'belum_bayar', NULL),
(316, 323, 3000.00, 'belum_bayar', NULL),
(317, 324, 3000.00, 'belum_bayar', NULL),
(318, 325, 3000.00, 'belum_bayar', NULL),
(319, 326, 3000.00, 'belum_bayar', NULL),
(320, 327, 3000.00, 'belum_bayar', NULL),
(321, 328, 3000.00, 'belum_bayar', NULL),
(322, 329, 3000.00, 'belum_bayar', NULL),
(323, 330, 3000.00, 'belum_bayar', NULL),
(324, 331, 3000.00, 'belum_bayar', NULL),
(325, 332, 3000.00, 'belum_bayar', NULL),
(326, 333, 3000.00, 'belum_bayar', NULL),
(327, 334, 3000.00, 'belum_bayar', NULL),
(328, 335, 3000.00, 'belum_bayar', NULL),
(329, 336, 3000.00, 'belum_bayar', NULL),
(330, 337, 3000.00, 'belum_bayar', NULL),
(331, 338, 3000.00, 'belum_bayar', NULL),
(332, 339, 3000.00, 'belum_bayar', NULL),
(333, 340, 3000.00, 'belum_bayar', NULL),
(334, 341, 3000.00, 'belum_bayar', NULL),
(335, 342, 3000.00, 'belum_bayar', NULL),
(336, 343, 3000.00, 'belum_bayar', NULL),
(337, 344, 3000.00, 'belum_bayar', NULL),
(338, 345, 3000.00, 'belum_bayar', NULL),
(339, 346, 3000.00, 'belum_bayar', NULL),
(340, 347, 3000.00, 'belum_bayar', NULL),
(341, 348, 3000.00, 'belum_bayar', NULL),
(342, 349, 3000.00, 'belum_bayar', NULL),
(343, 350, 3000.00, 'belum_bayar', NULL),
(344, 351, 3000.00, 'belum_bayar', NULL),
(345, 352, 3000.00, 'belum_bayar', NULL),
(346, 353, 3000.00, 'belum_bayar', NULL),
(347, 354, 3000.00, 'belum_bayar', NULL),
(348, 355, 3000.00, 'lunas', NULL);

-- --------------------------------------------------------

--
-- Table structure for table `users`
--

CREATE TABLE `users` (
  `id` int(11) NOT NULL,
  `name` varchar(100) NOT NULL,
  `email` varchar(100) NOT NULL,
  `password` varchar(255) NOT NULL,
  `role` enum('admin','petugas','bendahara','reads') DEFAULT 'petugas',
  `created_at` timestamp NOT NULL DEFAULT current_timestamp(),
  `updated_at` timestamp NULL DEFAULT NULL
) ENGINE=InnoDB DEFAULT CHARSET=utf8mb4 COLLATE=utf8mb4_general_ci;

--
-- Dumping data for table `users`
--

INSERT INTO `users` (`id`, `name`, `email`, `password`, `role`, `created_at`, `updated_at`) VALUES
(2, 'yanto', 'yanto@gmail.com', '$2b$10$4h0Z5QZBdKrm9nMoRnos8.QDI4fYTmTX4NwSxk4.gWUHa87mi/71i', 'petugas', '2026-02-17 09:28:01', NULL),
(3, 'admin', 'admin@gmail.com', '$2b$10$fkxlrXtDetezIkIkprkj/.WwIhfCIYpSe.QuBnqvnKwYyF1PXdNTu', 'admin', '2026-02-20 06:18:18', NULL),
(4, 'test', 'test@gmail.com', '$2b$10$JfQVuL9pT.BsdJgU/n3.7.cWz7vUSQGdd2af7WkpxE82A22exbXES', 'admin', '2026-02-21 04:52:26', NULL),
(5, 'wakidi ', 'wakidi@gmail.com', '$2b$10$rLKdIQ4hhfBsQNYMr/dzVeY40lBOvWDH1dAIwPedelIDCHhaJarUe', 'petugas', '2026-02-21 12:04:43', '2026-02-21 12:06:43'),
(6, 'bendahara 1', 'bendahara@gmail.com', '$2b$10$GwO07XLkz5LSxMgATVtnl.p.bHK6vMSoHbEl246FkOkkT0v9DN0Cm', 'bendahara', '2026-02-24 14:44:25', '2026-05-12 06:12:10'),
(7, 'public', 'public@gmail.com', '$2b$10$cFleA6kHYvFPtoYPqmocte7BuqIrKGsVhP7rASUFuGIUbnMpG1pqa', 'reads', '2026-03-07 03:23:00', NULL);

--
-- Indexes for dumped tables
--

--
-- Indexes for table `kas_konsumen`
--
ALTER TABLE `kas_konsumen`
  ADD PRIMARY KEY (`id`),
  ADD KEY `created_by` (`created_by`);

--
-- Indexes for table `kas_utama`
--
ALTER TABLE `kas_utama`
  ADD PRIMARY KEY (`id`),
  ADD KEY `created_by` (`created_by`);

--
-- Indexes for table `pelanggan`
--
ALTER TABLE `pelanggan`
  ADD PRIMARY KEY (`id`),
  ADD UNIQUE KEY `kode_pelanggan` (`kode_pelanggan`);

--
-- Indexes for table `pembayaran`
--
ALTER TABLE `pembayaran`
  ADD PRIMARY KEY (`id`),
  ADD KEY `tagihan_id` (`tagihan_id`);

--
-- Indexes for table `pencatatan_meter`
--
ALTER TABLE `pencatatan_meter`
  ADD PRIMARY KEY (`id`),
  ADD KEY `pelanggan_id` (`pelanggan_id`),
  ADD KEY `dicatat_oleh` (`dicatat_oleh`);

--
-- Indexes for table `pendapatan`
--
ALTER TABLE `pendapatan`
  ADD PRIMARY KEY (`id`);

--
-- Indexes for table `pengeluaran`
--
ALTER TABLE `pengeluaran`
  ADD PRIMARY KEY (`id`);

--
-- Indexes for table `tagihan`
--
ALTER TABLE `tagihan`
  ADD PRIMARY KEY (`id`),
  ADD KEY `pencatatan_id` (`pencatatan_id`);

--
-- Indexes for table `users`
--
ALTER TABLE `users`
  ADD PRIMARY KEY (`id`),
  ADD UNIQUE KEY `email` (`email`);

--
-- AUTO_INCREMENT for dumped tables
--

--
-- AUTO_INCREMENT for table `kas_konsumen`
--
ALTER TABLE `kas_konsumen`
  MODIFY `id` int(11) NOT NULL AUTO_INCREMENT, AUTO_INCREMENT=3;

--
-- AUTO_INCREMENT for table `kas_utama`
--
ALTER TABLE `kas_utama`
  MODIFY `id` int(11) NOT NULL AUTO_INCREMENT, AUTO_INCREMENT=7;

--
-- AUTO_INCREMENT for table `pelanggan`
--
ALTER TABLE `pelanggan`
  MODIFY `id` int(11) NOT NULL AUTO_INCREMENT, AUTO_INCREMENT=156;

--
-- AUTO_INCREMENT for table `pembayaran`
--
ALTER TABLE `pembayaran`
  MODIFY `id` int(11) NOT NULL AUTO_INCREMENT, AUTO_INCREMENT=20;

--
-- AUTO_INCREMENT for table `pencatatan_meter`
--
ALTER TABLE `pencatatan_meter`
  MODIFY `id` int(11) NOT NULL AUTO_INCREMENT, AUTO_INCREMENT=356;

--
-- AUTO_INCREMENT for table `pendapatan`
--
ALTER TABLE `pendapatan`
  MODIFY `id` int(11) NOT NULL AUTO_INCREMENT, AUTO_INCREMENT=3;

--
-- AUTO_INCREMENT for table `pengeluaran`
--
ALTER TABLE `pengeluaran`
  MODIFY `id` int(11) NOT NULL AUTO_INCREMENT, AUTO_INCREMENT=3;

--
-- AUTO_INCREMENT for table `tagihan`
--
ALTER TABLE `tagihan`
  MODIFY `id` int(11) NOT NULL AUTO_INCREMENT, AUTO_INCREMENT=349;

--
-- AUTO_INCREMENT for table `users`
--
ALTER TABLE `users`
  MODIFY `id` int(11) NOT NULL AUTO_INCREMENT, AUTO_INCREMENT=8;

--
-- Constraints for dumped tables
--

--
-- Constraints for table `kas_konsumen`
--
ALTER TABLE `kas_konsumen`
  ADD CONSTRAINT `kas_konsumen_ibfk_1` FOREIGN KEY (`created_by`) REFERENCES `users` (`id`);

--
-- Constraints for table `kas_utama`
--
ALTER TABLE `kas_utama`
  ADD CONSTRAINT `kas_utama_ibfk_1` FOREIGN KEY (`created_by`) REFERENCES `users` (`id`);

--
-- Constraints for table `pembayaran`
--
ALTER TABLE `pembayaran`
  ADD CONSTRAINT `pembayaran_ibfk_1` FOREIGN KEY (`tagihan_id`) REFERENCES `tagihan` (`id`) ON DELETE CASCADE;

--
-- Constraints for table `pencatatan_meter`
--
ALTER TABLE `pencatatan_meter`
  ADD CONSTRAINT `pencatatan_meter_ibfk_1` FOREIGN KEY (`pelanggan_id`) REFERENCES `pelanggan` (`id`) ON DELETE CASCADE,
  ADD CONSTRAINT `pencatatan_meter_ibfk_2` FOREIGN KEY (`dicatat_oleh`) REFERENCES `users` (`id`) ON DELETE SET NULL;

--
-- Constraints for table `tagihan`
--
ALTER TABLE `tagihan`
  ADD CONSTRAINT `tagihan_ibfk_1` FOREIGN KEY (`pencatatan_id`) REFERENCES `pencatatan_meter` (`id`) ON DELETE CASCADE;
COMMIT;

/*!40101 SET CHARACTER_SET_CLIENT=@OLD_CHARACTER_SET_CLIENT */;
/*!40101 SET CHARACTER_SET_RESULTS=@OLD_CHARACTER_SET_RESULTS */;
/*!40101 SET COLLATION_CONNECTION=@OLD_COLLATION_CONNECTION */;
